Timestamp,Socket Connection Test,HTTP Connection Test,Network Type,Mobile Data Network Type,Detailed State,Is Connected,Is Available,Data Activity,Data State,WiFi SSID,WiFi BSSID,WiFi Frequency,WiFi Channel,WiFi Signal Strength (0â€“4),WiFi Signal Strength (RSSI)
2019-05-10 23:45:46,PASS,PASS,WIFI,UNKNOWN,CONNECTED,1,1,NONE,DISCONNECTED,"""roteador_cibiogas""",68:72:51:6e:16:22,2412,1,0,-127
2019-05-10 23:40:46,PASS,PASS,WIFI,UNKNOWN,CONNECTED,1,1,NONE,DISCONNECTED,"""roteador_cibiogas""",68:72:51:6e:16:22,2412,1,0,-127
2019-05-10 23:35:46,PASS,PASS,WIFI,UNKNOWN,CONNECTED,1,1,NONE,DISCONNECTED,"""roteador_cibiogas""",68:72:51:6e:16:22,2412,1,0,-127
2019-05-10 23:30:46,PASS,PASS,WIFI,UNKNOWN,CONNECTED,1,1,NONE,DISCONNECTED,"""roteador_cibiogas""",68:72:51:6e:16:22,2412,1,0,-127
2019-05-10 23:25:46,PASS,PASS,WIFI,UNKNOWN,CONNECTED,1,1,NONE,DISCONNECTED,"""roteador_cibiogas""",68:72:51:6e:16:22,2412,1,0,-127
2019-05-10 23:20:46,PASS,PASS,WIFI,UNKNOWN,CONNECTED,1,1,NONE,DISCONNECTED,"""roteador_cibiogas""",68:72:51:6e:16:22,2412,1,0,-127
2019-05-10 23:15:46,PASS,PASS,WIFI,UNKNOWN,CONNECTED,1,1,NONE,DISCONNECTED,"""roteador_cibiogas""",68:72:51:6e:16:22,2412,1,0,-127
2019-05-10 23:10:46,PASS,PASS,WIFI,UNKNOWN,CONNECTED,1,1,NONE,DISCONNECTED,"""roteador_cibiogas""",68:72:51:6e:16:22,2412,1,0,-127
2019-05-10 23:05:46,PASS,PASS,WIFI,UNKNOWN,CONNECTED,1,1,NONE,DISCONNECTED,"""roteador_cibiogas""",68:72:51:6e:16:22,2412,1,0,-127
2019-05-10 23:00:46,PASS,PASS,WIFI,UNKNOWN,CONNECTED,1,1,NONE,DISCONNECTED,"""roteador_cibiogas""",68:72:51:6e:16:22,2412,1,0,-127
2019-05-10 22:55:46,PASS,PASS,WIFI,UNKNOWN,CONNECTED,1,1,NONE,DISCONNECTED,"""roteador_cibiogas""",68:72:51:6e:16:22,2412,1,0,-127
2019-05-10 22:50:46,PASS,PASS,WIFI,UNKNOWN,CONNECTED,1,1,NONE,DISCONNECTED,"""roteador_cibiogas""",68:72:51:6e:16:22,2412,1,0,-127
2019-05-10 22:40:46,PASS,PASS,WIFI,UNKNOWN,CONNECTED,1,1,NONE,DISCONNECTED,"""roteador_cibiogas""",68:72:51:6e:16:22,2412,1,0,-127
2019-05-10 22:35:46,PASS,PASS,WIFI,UNKNOWN,CONNECTED,1,1,NONE,DISCONNECTED,"""roteador_cibiogas""",68:72:51:6e:16:22,2412,1,0,-127
2019-05-10 22:30:46,PASS,PASS,WIFI,UNKNOWN,CONNECTED,1,1,NONE,DISCONNECTED,"""roteador_cibiogas""",68:72:51:6e:16:22,2412,1,0,-127
2019-05-10 22:25:46,PASS,PASS,WIFI,UNKNOWN,CONNECTED,1,1,NONE,DISCONNECTED,"""roteador_cibiogas""",68:72:51:6e:16:22,2412,1,0,-127
2019-05-10 22:20:46,PASS,PASS,WIFI,UNKNOWN,CONNECTED,1,1,NONE,DISCONNECTED,"""roteador_cibiogas""",68:72:51:6e:16:22,2412,1,0,-127
2019-05-10 22:10:46,PASS,PASS,WIFI,UNKNOWN,CONNECTED,1,1,NONE,DISCONNECTED,"""roteador_cibiogas""",68:72:51:6e:16:22,2412,1,0,-127
2019-05-10 22:05:46,PASS,PASS,WIFI,UNKNOWN,CONNECTED,1,1,NONE,DISCONNECTED,"""roteador_cibiogas""",68:72:51:6e:16:22,2412,1,0,-127
2019-05-10 22:00:46,PASS,PASS,WIFI,UNKNOWN,CONNECTED,1,1,NONE,DISCONNECTED,"""roteador_cibiogas""",68:72:51:6e:16:22,2412,1,0,-127
2019-05-10 21:55:46,PASS,PASS,WIFI,UNKNOWN,CONNECTED,1,1,NONE,DISCONNECTED,"""roteador_cibiogas""",68:72:51:6e:16:22,2412,1,0,-127
2019-05-10 21:50:46,PASS,PASS,WIFI,UNKNOWN,CONNECTED,1,1,NONE,DISCONNECTED,"""roteador_cibiogas""",68:72:51:6e:16:22,2412,1,0,-127
2019-05-10 21:45:46,PASS,PASS,WIFI,UNKNOWN,CONNECTED,1,1,NONE,DISCONNECTED,"""roteador_cibiogas""",68:72:51:6e:16:22,2412,1,0,-127
2019-05-10 21:40:46,PASS,PASS,WIFI,UNKNOWN,CONNECTED,1,1,NONE,DISCONNECTED,"""roteador_cibiogas""",68:72:51:6e:16:22,2412,1,0,-127
2019-05-10 21:35:46,PASS,PASS,WIFI,UNKNOWN,CONNECTED,1,1,NONE,DISCONNECTED,"""roteador_cibiogas""",68:72:51:6e:16:22,2412,1,0,-127
2019-05-10 21:30:46,PASS,PASS,WIFI,UNKNOWN,CONNECTED,1,1,NONE,DISCONNECTED,"""roteador_cibiogas""",68:72:51:6e:16:22,2412,1,0,-127
2019-05-10 21:25:46,PASS,PASS,WIFI,UNKNOWN,CONNECTED,1,1,NONE,DISCONNECTED,"""roteador_cibiogas""",68:72:51:6e:16:22,2412,1,0,-127
2019-05-10 21:20:46,PASS,PASS,WIFI,UNKNOWN,CONNECTED,1,1,NONE,DISCONNECTED,"""roteador_cibiogas""",68:72:51:6e:16:22,2412,1,0,-127
2019-05-10 21:15:46,PASS,PASS,WIFI,UNKNOWN,CONNECTED,1,1,NONE,DISCONNECTED,"""roteador_cibiogas""",68:72:51:6e:16:22,2412,1,0,-127
2019-05-10 21:10:46,PASS,PASS,WIFI,UNKNOWN,CONNECTED,1,1,NONE,DISCONNECTED,"""roteador_cibiogas""",68:72:51:6e:16:22,2412,1,0,-127
2019-05-10 21:05:46,PASS,PASS,WIFI,UNKNOWN,CONNECTED,1,1,NONE,DISCONNECTED,"""roteador_cibiogas""",68:72:51:6e:16:22,2412,1,0,-127
2019-05-10 21:00:46,PASS,PASS,WIFI,UNKNOWN,CONNECTED,1,1,NONE,DISCONNECTED,"""roteador_cibiogas""",68:72:51:6e:16:22,2412,1,0,-127
2019-05-10 20:55:46,PASS,PASS,WIFI,UNKNOWN,CONNECTED,1,1,NONE,DISCONNECTED,"""roteador_cibiogas""",68:72:51:6e:16:22,2412,1,0,-127
2019-05-10 20:50:46,PASS,PASS,WIFI,UNKNOWN,CONNECTED,1,1,NONE,DISCONNECTED,"""roteador_cibiogas""",68:72:51:6e:16:22,2412,1,0,-127
2019-05-10 20:45:46,PASS,PASS,WIFI,UNKNOWN,CONNECTED,1,1,NONE,DISCONNECTED,"""roteador_cibiogas""",68:72:51:6e:16:22,2412,1,0,-127
2019-05-10 20:40:46,PASS,PASS,WIFI,UNKNOWN,CONNECTED,1,1,NONE,DISCONNECTED,"""roteador_cibiogas""",68:72:51:6e:16:22,2412,1,0,-127
2019-05-10 20:35:46,PASS,PASS,WIFI,UNKNOWN,CONNECTED,1,1,NONE,DISCONNECTED,"""roteador_cibiogas""",68:72:51:6e:16:22,2412,1,0,-127
2019-05-10 20:30:46,PASS,PASS,WIFI,UNKNOWN,CONNECTED,1,1,NONE,DISCONNECTED,"""roteador_cibiogas""",68:72:51:6e:16:22,2412,1,0,-127
2019-05-10 20:25:46,PASS,PASS,WIFI,UNKNOWN,CONNECTED,1,1,NONE,DISCONNECTED,"""roteador_cibiogas""",68:72:51:6e:16:22,2412,1,0,-127
2019-05-10 20:20:46,PASS,PASS,WIFI,UNKNOWN,CONNECTED,1,1,NONE,DISCONNECTED,"""roteador_cibiogas""",68:72:51:6e:16:22,2412,1,0,-127
2019-05-10 20:15:46,PASS,PASS,WIFI,UNKNOWN,CONNECTED,1,1,NONE,DISCONNECTED,"""roteador_cibiogas""",68:72:51:6e:16:22,2412,1,0,-127
2019-05-10 20:10:46,PASS,PASS,WIFI,UNKNOWN,CONNECTED,1,1,NONE,DISCONNECTED,"""roteador_cibiogas""",68:72:51:6e:16:22,2412,1,0,-127
2019-05-10 20:05:46,PASS,PASS,WIFI,UNKNOWN,CONNECTED,1,1,NONE,DISCONNECTED,"""roteador_cibiogas""",68:72:51:6e:16:22,2412,1,0,-127
2019-05-10 20:00:46,PASS,PASS,WIFI,UNKNOWN,CONNECTED,1,1,NONE,DISCONNECTED,"""roteador_cibiogas""",68:72:51:6e:16:22,2412,1,0,-127
2019-05-10 19:55:46,PASS,PASS,WIFI,UNKNOWN,CONNECTED,1,1,NONE,DISCONNECTED,"""roteador_cibiogas""",68:72:51:6e:16:22,2412,1,0,-127
2019-05-10 19:50:46,PASS,PASS,WIFI,UNKNOWN,CONNECTED,1,1,NONE,DISCONNECTED,"""roteador_cibiogas""",68:72:51:6e:16:22,2412,1,0,-127
2019-05-10 19:45:46,PASS,PASS,WIFI,UNKNOWN,CONNECTED,1,1,NONE,DISCONNECTED,"""roteador_cibiogas""",68:72:51:6e:16:22,2412,1,0,-127
2019-05-10 19:40:46,PASS,PASS,WIFI,UNKNOWN,CONNECTED,1,1,NONE,DISCONNECTED,"""roteador_cibiogas""",68:72:51:6e:16:22,2412,1,0,-127
2019-05-10 19:35:46,PASS,PASS,WIFI,UNKNOWN,CONNECTED,1,1,NONE,DISCONNECTED,"""roteador_cibiogas""",68:72:51:6e:16:22,2412,1,0,-127
2019-05-10 19:30:46,PASS,PASS,WIFI,UNKNOWN,CONNECTED,1,1,NONE,DISCONNECTED,"""roteador_cibiogas""",68:72:51:6e:16:22,2412,1,0,-127
2019-05-10 19:25:46,PASS,PASS,WIFI,UNKNOWN,CONNECTED,1,1,NONE,DISCONNECTED,"""roteador_cibiogas""",68:72:51:6e:16:22,2412,1,0,-127
2019-05-10 19:20:46,PASS,PASS,WIFI,UNKNOWN,CONNECTED,1,1,NONE,DISCONNECTED,"""roteador_cibiogas""",68:72:51:6e:16:22,2412,1,0,-127
2019-05-10 19:15:46,PASS,PASS,WIFI,UNKNOWN,CONNECTED,1,1,NONE,DISCONNECTED,"""roteador_cibiogas""",68:72:51:6e:16:22,2412,1,0,-127
2019-05-10 19:10:46,PASS,PASS,WIFI,UNKNOWN,CONNECTED,1,1,NONE,DISCONNECTED,"""roteador_cibiogas""",68:72:51:6e:16:22,2412,1,0,-127
2019-05-10 19:05:46,PASS,PASS,WIFI,UNKNOWN,CONNECTED,1,1,NONE,DISCONNECTED,"""roteador_cibiogas""",68:72:51:6e:16:22,2412,1,0,-127
2019-05-10 19:00:46,PASS,PASS,WIFI,UNKNOWN,CONNECTED,1,1,NONE,DISCONNECTED,"""roteador_cibiogas""",68:72:51:6e:16:22,2412,1,0,-127
2019-05-10 18:55:46,PASS,PASS,WIFI,UNKNOWN,CONNECTED,1,1,NONE,DISCONNECTED,"""roteador_cibiogas""",68:72:51:6e:16:22,2412,1,0,-127
2019-05-10 18:50:46,PASS,PASS,WIFI,UNKNOWN,CONNECTED,1,1,NONE,DISCONNECTED,"""roteador_cibiogas""",68:72:51:6e:16:22,2412,1,0,-127
2019-05-10 18:45:46,PASS,PASS,WIFI,UNKNOWN,CONNECTED,1,1,NONE,DISCONNECTED,"""roteador_cibiogas""",68:72:51:6e:16:22,2412,1,0,-127
2019-05-10 18:40:46,PASS,PASS,WIFI,UNKNOWN,CONNECTED,1,1,NONE,DISCONNECTED,"""roteador_cibiogas""",68:72:51:6e:16:22,2412,1,0,-127
2019-05-10 18:35:46,PASS,PASS,WIFI,UNKNOWN,CONNECTED,1,1,NONE,DISCONNECTED,"""roteador_cibiogas""",68:72:51:6e:16:22,2412,1,0,-127
2019-05-10 18:30:46,PASS,PASS,WIFI,UNKNOWN,CONNECTED,1,1,NONE,DISCONNECTED,"""roteador_cibiogas""",68:72:51:6e:16:22,2412,1,0,-127
2019-05-10 18:25:46,PASS,PASS,WIFI,UNKNOWN,CONNECTED,1,1,NONE,DISCONNECTED,"""roteador_cibiogas""",68:72:51:6e:16:22,2412,1,0,-127
2019-05-10 18:20:46,PASS,PASS,WIFI,UNKNOWN,CONNECTED,1,1,NONE,DISCONNECTED,"""roteador_cibiogas""",68:72:51:6e:16:22,2412,1,0,-127
2019-05-10 18:15:46,PASS,PASS,WIFI,UNKNOWN,CONNECTED,1,1,NONE,DISCONNECTED,"""roteador_cibiogas""",68:72:51:6e:16:22,2412,1,0,-127
2019-05-10 18:10:46,PASS,PASS,WIFI,UNKNOWN,CONNECTED,1,1,NONE,DISCONNECTED,"""roteador_cibiogas""",68:72:51:6e:16:22,2412,1,0,-127
2019-05-10 18:05:46,PASS,PASS,WIFI,UNKNOWN,CONNECTED,1,1,NONE,DISCONNECTED,"""roteador_cibiogas""",68:72:51:6e:16:22,2412,1,0,-127
2019-05-10 18:00:46,PASS,PASS,WIFI,UNKNOWN,CONNECTED,1,1,NONE,DISCONNECTED,"""roteador_cibiogas""",68:72:51:6e:16:22,2412,1,0,-127
2019-05-10 17:55:46,PASS,PASS,WIFI,UNKNOWN,CONNECTED,1,1,NONE,DISCONNECTED,"""roteador_cibiogas""",68:72:51:6e:16:22,2412,1,0,-127
2019-05-10 17:50:46,PASS,PASS,WIFI,UNKNOWN,CONNECTED,1,1,NONE,DISCONNECTED,"""roteador_cibiogas""",68:72:51:6e:16:22,2412,1,0,-127
2019-05-10 17:45:46,PASS,PASS,WIFI,UNKNOWN,CONNECTED,1,1,NONE,DISCONNECTED,"""roteador_cibiogas""",68:72:51:6e:16:22,2412,1,0,-127
2019-05-10 17:40:46,PASS,PASS,WIFI,UNKNOWN,CONNECTED,1,1,NONE,DISCONNECTED,"""roteador_cibiogas""",68:72:51:6e:16:22,2412,1,0,-127
2019-05-10 17:35:46,PASS,PASS,WIFI,UNKNOWN,CONNECTED,1,1,NONE,DISCONNECTED,"""roteador_cibiogas""",68:72:51:6e:16:22,2412,1,0,-127
2019-05-10 17:30:46,PASS,PASS,WIFI,UNKNOWN,CONNECTED,1,1,NONE,DISCONNECTED,"""roteador_cibiogas""",68:72:51:6e:16:22,2412,1,0,-127
2019-05-10 17:25:46,PASS,PASS,WIFI,UNKNOWN,CONNECTED,1,1,NONE,DISCONNECTED,"""roteador_cibiogas""",68:72:51:6e:16:22,2412,1,0,-127
2019-05-10 17:20:46,PASS,PASS,WIFI,UNKNOWN,CONNECTED,1,1,NONE,DISCONNECTED,"""roteador_cibiogas""",68:72:51:6e:16:22,2412,1,0,-127
2019-05-10 17:15:46,PASS,PASS,WIFI,UNKNOWN,CONNECTED,1,1,NONE,DISCONNECTED,"""roteador_cibiogas""",68:72:51:6e:16:22,2412,1,0,-127
2019-05-10 17:10:46,PASS,PASS,WIFI,UNKNOWN,CONNECTED,1,1,NONE,DISCONNECTED,"""roteador_cibiogas""",68:72:51:6e:16:22,2412,1,0,-127
2019-05-10 17:05:46,PASS,PASS,WIFI,UNKNOWN,CONNECTED,1,1,NONE,DISCONNECTED,"""roteador_cibiogas""",68:72:51:6e:16:22,2412,1,0,-127
2019-05-10 17:00:46,PASS,PASS,WIFI,UNKNOWN,CONNECTED,1,1,NONE,DISCONNECTED,"""roteador_cibiogas""",68:72:51:6e:16:22,2412,1,0,-127
2019-05-10 16:55:46,PASS,PASS,WIFI,UNKNOWN,CONNECTED,1,1,NONE,DISCONNECTED,"""roteador_cibiogas""",68:72:51:6e:16:22,2412,1,0,-127
2019-05-10 16:50:46,PASS,PASS,WIFI,UNKNOWN,CONNECTED,1,1,NONE,DISCONNECTED,"""roteador_cibiogas""",68:72:51:6e:16:22,2412,1,0,-127
2019-05-10 16:45:46,PASS,PASS,WIFI,UNKNOWN,CONNECTED,1,1,NONE,DISCONNECTED,"""roteador_cibiogas""",68:72:51:6e:16:22,2412,1,0,-127
2019-05-10 16:40:46,PASS,PASS,WIFI,UNKNOWN,CONNECTED,1,1,NONE,DISCONNECTED,"""roteador_cibiogas""",68:72:51:6e:16:22,2412,1,0,-127
2019-05-10 16:35:46,PASS,PASS,WIFI,UNKNOWN,CONNECTED,1,1,NONE,DISCONNECTED,"""roteador_cibiogas""",68:72:51:6e:16:22,2412,1,0,-127
2019-05-10 16:30:46,PASS,PASS,WIFI,UNKNOWN,CONNECTED,1,1,NONE,DISCONNECTED,"""roteador_cibiogas""",68:72:51:6e:16:22,2412,1,0,-127
2019-05-10 16:25:46,PASS,PASS,WIFI,UNKNOWN,CONNECTED,1,1,NONE,DISCONNECTED,"""roteador_cibiogas""",68:72:51:6e:16:22,2412,1,0,-127
2019-05-10 16:20:46,PASS,PASS,WIFI,UNKNOWN,CONNECTED,1,1,NONE,DISCONNECTED,"""roteador_cibiogas""",68:72:51:6e:16:22,2412,1,0,-127
2019-05-10 16:15:46,PASS,PASS,WIFI,UNKNOWN,CONNECTED,1,1,NONE,DISCONNECTED,"""roteador_cibiogas""",68:72:51:6e:16:22,2412,1,0,-127
2019-05-10 16:10:46,PASS,PASS,WIFI,UNKNOWN,CONNECTED,1,1,NONE,DISCONNECTED,"""roteador_cibiogas""",68:72:51:6e:16:22,2412,1,0,-127
2019-05-10 16:05:46,PASS,PASS,WIFI,UNKNOWN,CONNECTED,1,1,NONE,DISCONNECTED,"""roteador_cibiogas""",68:72:51:6e:16:22,2412,1,0,-127
2019-05-10 16:00:46,PASS,PASS,WIFI,UNKNOWN,CONNECTED,1,1,NONE,DISCONNECTED,"""roteador_cibiogas""",68:72:51:6e:16:22,2412,1,0,-127
2019-05-10 15:55:46,PASS,PASS,WIFI,UNKNOWN,CONNECTED,1,1,NONE,DISCONNECTED,"""roteador_cibiogas""",68:72:51:6e:16:22,2412,1,0,-127
2019-05-10 15:50:46,PASS,PASS,WIFI,UNKNOWN,CONNECTED,1,1,NONE,DISCONNECTED,"""roteador_cibiogas""",68:72:51:6e:16:22,2412,1,0,-127
2019-05-10 15:45:46,PASS,PASS,WIFI,UNKNOWN,CONNECTED,1,1,NONE,DISCONNECTED,"""roteador_cibiogas""",68:72:51:6e:16:22,2412,1,0,-127
2019-05-10 15:40:46,PASS,PASS,WIFI,UNKNOWN,CONNECTED,1,1,NONE,DISCONNECTED,"""roteador_cibiogas""",68:72:51:6e:16:22,2412,1,0,-127
2019-05-10 15:35:46,PASS,PASS,WIFI,UNKNOWN,CONNECTED,1,1,NONE,DISCONNECTED,"""roteador_cibiogas""",68:72:51:6e:16:22,2412,1,0,-127
2019-05-10 15:30:46,PASS,PASS,WIFI,UNKNOWN,CONNECTED,1,1,NONE,DISCONNECTED,"""roteador_cibiogas""",68:72:51:6e:16:22,2412,1,0,-127
2019-05-10 15:25:46,PASS,PASS,WIFI,UNKNOWN,CONNECTED,1,1,NONE,DISCONNECTED,"""roteador_cibiogas""",68:72:51:6e:16:22,2412,1,0,-127
2019-05-10 15:20:46,PASS,PASS,WIFI,UNKNOWN,CONNECTED,1,1,NONE,DISCONNECTED,"""roteador_cibiogas""",68:72:51:6e:16:22,2412,1,0,-127
2019-05-10 15:15:46,PASS,PASS,WIFI,UNKNOWN,CONNECTED,1,1,NONE,DISCONNECTED,"""roteador_cibiogas""",68:72:51:6e:16:22,2412,1,0,-127
2019-05-10 15:10:46,PASS,PASS,WIFI,UNKNOWN,CONNECTED,1,1,NONE,DISCONNECTED,"""roteador_cibiogas""",68:72:51:6e:16:22,2412,1,0,-127
2019-05-10 15:05:46,PASS,PASS,WIFI,UNKNOWN,CONNECTED,1,1,NONE,DISCONNECTED,"""roteador_cibiogas""",68:72:51:6e:16:22,2412,1,0,-127
2019-05-10 15:00:46,PASS,PASS,WIFI,UNKNOWN,CONNECTED,1,1,NONE,DISCONNECTED,"""roteador_cibiogas""",68:72:51:6e:16:22,2412,1,0,-127
2019-05-10 14:55:46,PASS,PASS,WIFI,UNKNOWN,CONNECTED,1,1,NONE,DISCONNECTED,"""roteador_cibiogas""",68:72:51:6e:16:22,2412,1,0,-127
2019-05-10 14:50:46,PASS,PASS,WIFI,UNKNOWN,CONNECTED,1,1,NONE,DISCONNECTED,"""roteador_cibiogas""",68:72:51:6e:16:22,2412,1,0,-127
2019-05-10 14:45:46,PASS,PASS,WIFI,UNKNOWN,CONNECTED,1,1,NONE,DISCONNECTED,"""roteador_cibiogas""",68:72:51:6e:16:22,2412,1,0,-127
2019-05-10 14:40:46,PASS,PASS,WIFI,UNKNOWN,CONNECTED,1,1,NONE,DISCONNECTED,"""roteador_cibiogas""",68:72:51:6e:16:22,2412,1,0,-127
2019-05-10 14:35:46,PASS,PASS,WIFI,UNKNOWN,CONNECTED,1,1,NONE,DISCONNECTED,"""roteador_cibiogas""",68:72:51:6e:16:22,2412,1,0,-127
2019-05-10 14:30:46,PASS,PASS,WIFI,UNKNOWN,CONNECTED,1,1,NONE,DISCONNECTED,"""roteador_cibiogas""",68:72:51:6e:16:22,2412,1,0,-127
2019-05-10 14:25:46,PASS,PASS,WIFI,UNKNOWN,CONNECTED,1,1,NONE,DISCONNECTED,"""roteador_cibiogas""",68:72:51:6e:16:22,2412,1,0,-127
2019-05-10 14:20:46,PASS,PASS,WIFI,UNKNOWN,CONNECTED,1,1,NONE,DISCONNECTED,"""roteador_cibiogas""",68:72:51:6e:16:22,2412,1,0,-127
2019-05-10 14:15:46,PASS,PASS,WIFI,UNKNOWN,CONNECTED,1,1,NONE,DISCONNECTED,"""roteador_cibiogas""",68:72:51:6e:16:22,2412,1,0,-127
2019-05-10 14:10:46,PASS,PASS,WIFI,UNKNOWN,CONNECTED,1,1,NONE,DISCONNECTED,"""roteador_cibiogas""",68:72:51:6e:16:22,2412,1,0,-127
2019-05-10 14:05:46,PASS,PASS,WIFI,UNKNOWN,CONNECTED,1,1,NONE,DISCONNECTED,"""roteador_cibiogas""",68:72:51:6e:16:22,2412,1,0,-127
2019-05-10 14:00:46,PASS,PASS,WIFI,UNKNOWN,CONNECTED,1,1,NONE,DISCONNECTED,"""roteador_cibiogas""",68:72:51:6e:16:22,2412,1,0,-127
2019-05-10 13:55:46,PASS,PASS,WIFI,UNKNOWN,CONNECTED,1,1,NONE,DISCONNECTED,"""roteador_cibiogas""",68:72:51:6e:16:22,2412,1,0,-127
2019-05-10 13:50:46,PASS,PASS,WIFI,UNKNOWN,CONNECTED,1,1,NONE,DISCONNECTED,"""roteador_cibiogas""",68:72:51:6e:16:22,2412,1,0,-127
2019-05-10 13:45:46,PASS,PASS,WIFI,UNKNOWN,CONNECTED,1,1,NONE,DISCONNECTED,"""roteador_cibiogas""",68:72:51:6e:16:22,2412,1,0,-127
2019-05-10 13:40:46,PASS,PASS,WIFI,UNKNOWN,CONNECTED,1,1,NONE,DISCONNECTED,"""roteador_cibiogas""",68:72:51:6e:16:22,2412,1,0,-127
2019-05-10 13:35:46,PASS,PASS,WIFI,UNKNOWN,CONNECTED,1,1,NONE,DISCONNECTED,"""roteador_cibiogas""",68:72:51:6e:16:22,2412,1,0,-127
2019-05-10 13:30:46,PASS,PASS,WIFI,UNKNOWN,CONNECTED,1,1,NONE,DISCONNECTED,"""roteador_cibiogas""",68:72:51:6e:16:22,2412,1,0,-127
2019-05-10 13:25:46,PASS,PASS,WIFI,UNKNOWN,CONNECTED,1,1,NONE,DISCONNECTED,"""roteador_cibiogas""",68:72:51:6e:16:22,2412,1,0,-127
2019-05-10 13:20:46,PASS,PASS,WIFI,UNKNOWN,CONNECTED,1,1,NONE,DISCONNECTED,"""roteador_cibiogas""",68:72:51:6e:16:22,2412,1,0,-127
2019-05-10 13:15:46,PASS,PASS,WIFI,UNKNOWN,CONNECTED,1,1,NONE,DISCONNECTED,"""roteador_cibiogas""",68:72:51:6e:16:22,2412,1,0,-127
2019-05-10 13:10:46,PASS,PASS,WIFI,UNKNOWN,CONNECTED,1,1,NONE,DISCONNECTED,"""roteador_cibiogas""",68:72:51:6e:16:22,2412,1,0,-127
2019-05-10 13:05:46,PASS,PASS,WIFI,UNKNOWN,CONNECTED,1,1,NONE,DISCONNECTED,"""roteador_cibiogas""",68:72:51:6e:16:22,2412,1,0,-127
2019-05-10 13:00:46,PASS,PASS,WIFI,UNKNOWN,CONNECTED,1,1,NONE,DISCONNECTED,"""roteador_cibiogas""",68:72:51:6e:16:22,2412,1,0,-127
2019-05-10 12:55:46,PASS,PASS,WIFI,UNKNOWN,CONNECTED,1,1,NONE,DISCONNECTED,"""roteador_cibiogas""",68:72:51:6e:16:22,2412,1,0,-127
2019-05-10 12:50:46,PASS,PASS,WIFI,UNKNOWN,CONNECTED,1,1,NONE,DISCONNECTED,"""roteador_cibiogas""",68:72:51:6e:16:22,2412,1,0,-127
2019-05-10 12:45:46,PASS,PASS,WIFI,UNKNOWN,CONNECTED,1,1,NONE,DISCONNECTED,"""roteador_cibiogas""",68:72:51:6e:16:22,2412,1,0,-127
2019-05-10 12:40:46,PASS,PASS,WIFI,UNKNOWN,CONNECTED,1,1,NONE,DISCONNECTED,"""roteador_cibiogas""",68:72:51:6e:16:22,2412,1,0,-127
2019-05-10 12:35:46,PASS,PASS,WIFI,UNKNOWN,CONNECTED,1,1,NONE,DISCONNECTED,"""roteador_cibiogas""",68:72:51:6e:16:22,2412,1,0,-127
2019-05-10 12:30:46,PASS,PASS,WIFI,UNKNOWN,CONNECTED,1,1,NONE,DISCONNECTED,"""roteador_cibiogas""",68:72:51:6e:16:22,2412,1,0,-127
2019-05-10 12:25:46,PASS,PASS,WIFI,UNKNOWN,CONNECTED,1,1,NONE,DISCONNECTED,"""roteador_cibiogas""",68:72:51:6e:16:22,2412,1,0,-127
2019-05-10 12:20:46,PASS,PASS,WIFI,UNKNOWN,CONNECTED,1,1,NONE,DISCONNECTED,"""roteador_cibiogas""",68:72:51:6e:16:22,2412,1,0,-127
2019-05-10 12:15:46,PASS,PASS,WIFI,UNKNOWN,CONNECTED,1,1,NONE,DISCONNECTED,"""roteador_cibiogas""",68:72:51:6e:16:22,2412,1,0,-127
2019-05-10 12:10:46,PASS,PASS,WIFI,UNKNOWN,CONNECTED,1,1,NONE,DISCONNECTED,"""roteador_cibiogas""",68:72:51:6e:16:22,2412,1,0,-127
2019-05-10 12:05:46,PASS,PASS,WIFI,UNKNOWN,CONNECTED,1,1,NONE,DISCONNECTED,"""roteador_cibiogas""",68:72:51:6e:16:22,2412,1,0,-127
2019-05-10 12:00:46,PASS,PASS,WIFI,UNKNOWN,CONNECTED,1,1,NONE,DISCONNECTED,"""roteador_cibiogas""",68:72:51:6e:16:22,2412,1,0,-127
2019-05-10 11:55:46,PASS,PASS,WIFI,UNKNOWN,CONNECTED,1,1,NONE,DISCONNECTED,"""roteador_cibiogas""",68:72:51:6e:16:22,2412,1,0,-127
2019-05-10 11:50:46,PASS,PASS,WIFI,UNKNOWN,CONNECTED,1,1,NONE,DISCONNECTED,"""roteador_cibiogas""",68:72:51:6e:16:22,2412,1,0,-127
2019-05-10 11:45:46,PASS,PASS,WIFI,UNKNOWN,CONNECTED,1,1,NONE,DISCONNECTED,"""roteador_cibiogas""",68:72:51:6e:16:22,2412,1,0,-127
2019-05-10 11:40:46,PASS,PASS,WIFI,UNKNOWN,CONNECTED,1,1,NONE,DISCONNECTED,"""roteador_cibiogas""",68:72:51:6e:16:22,2412,1,0,-127
2019-05-10 11:35:46,PASS,PASS,WIFI,UNKNOWN,CONNECTED,1,1,NONE,DISCONNECTED,"""roteador_cibiogas""",68:72:51:6e:16:22,2412,1,0,-127
2019-05-10 11:30:46,PASS,PASS,WIFI,UNKNOWN,CONNECTED,1,1,NONE,DISCONNECTED,"""roteador_cibiogas""",68:72:51:6e:16:22,2412,1,0,-127
2019-05-10 11:25:46,PASS,PASS,WIFI,UNKNOWN,CONNECTED,1,1,NONE,DISCONNECTED,"""roteador_cibiogas""",68:72:51:6e:16:22,2412,1,0,-127
2019-05-10 11:20:46,PASS,PASS,WIFI,UNKNOWN,CONNECTED,1,1,NONE,DISCONNECTED,"""roteador_cibiogas""",68:72:51:6e:16:22,2412,1,0,-127
2019-05-10 11:15:46,PASS,PASS,WIFI,UNKNOWN,CONNECTED,1,1,NONE,DISCONNECTED,"""roteador_cibiogas""",68:72:51:6e:16:22,2412,1,0,-127
2019-05-10 11:10:46,PASS,PASS,WIFI,UNKNOWN,CONNECTED,1,1,NONE,DISCONNECTED,"""roteador_cibiogas""",68:72:51:6e:16:22,2412,1,0,-127
2019-05-10 11:05:46,PASS,PASS,WIFI,UNKNOWN,CONNECTED,1,1,NONE,DISCONNECTED,"""roteador_cibiogas""",68:72:51:6e:16:22,2412,1,0,-127
2019-05-10 11:00:46,PASS,PASS,WIFI,UNKNOWN,CONNECTED,1,1,NONE,DISCONNECTED,"""roteador_cibiogas""",68:72:51:6e:16:22,2412,1,0,-127
2019-05-10 10:55:46,PASS,PASS,WIFI,UNKNOWN,CONNECTED,1,1,NONE,DISCONNECTED,"""roteador_cibiogas""",68:72:51:6e:16:22,2412,1,0,-127
2019-05-10 10:50:46,PASS,PASS,WIFI,UNKNOWN,CONNECTED,1,1,NONE,DISCONNECTED,"""roteador_cibiogas""",68:72:51:6e:16:22,2412,1,0,-127
2019-05-10 10:45:46,PASS,PASS,WIFI,UNKNOWN,CONNECTED,1,1,NONE,DISCONNECTED,"""roteador_cibiogas""",68:72:51:6e:16:22,2412,1,0,-127
2019-05-10 10:40:46,PASS,PASS,WIFI,UNKNOWN,CONNECTED,1,1,NONE,DISCONNECTED,"""roteador_cibiogas""",68:72:51:6e:16:22,2412,1,0,-127
2019-05-10 10:35:46,PASS,PASS,WIFI,UNKNOWN,CONNECTED,1,1,NONE,DISCONNECTED,"""roteador_cibiogas""",68:72:51:6e:16:22,2412,1,0,-127
2019-05-10 10:30:46,PASS,PASS,WIFI,UNKNOWN,CONNECTED,1,1,NONE,DISCONNECTED,"""roteador_cibiogas""",68:72:51:6e:16:22,2412,1,0,-127
2019-05-10 10:25:46,PASS,PASS,WIFI,UNKNOWN,CONNECTED,1,1,NONE,DISCONNECTED,"""roteador_cibiogas""",68:72:51:6e:16:22,2412,1,0,-127
2019-05-10 10:20:46,PASS,PASS,WIFI,UNKNOWN,CONNECTED,1,1,NONE,DISCONNECTED,"""roteador_cibiogas""",68:72:51:6e:16:22,2412,1,0,-127
2019-05-10 10:15:46,PASS,PASS,WIFI,UNKNOWN,CONNECTED,1,1,NONE,DISCONNECTED,"""roteador_cibiogas""",68:72:51:6e:16:22,2412,1,0,-127
2019-05-10 10:10:46,PASS,PASS,WIFI,UNKNOWN,CONNECTED,1,1,NONE,DISCONNECTED,"""roteador_cibiogas""",68:72:51:6e:16:22,2412,1,0,-127
2019-05-10 10:05:46,PASS,PASS,WIFI,UNKNOWN,CONNECTED,1,1,NONE,DISCONNECTED,"""roteador_cibiogas""",68:72:51:6e:16:22,2412,1,0,-127
2019-05-10 10:00:46,PASS,PASS,WIFI,UNKNOWN,CONNECTED,1,1,NONE,DISCONNECTED,"""roteador_cibiogas""",68:72:51:6e:16:22,2412,1,0,-127
2019-05-10 09:55:46,PASS,PASS,WIFI,UNKNOWN,CONNECTED,1,1,NONE,DISCONNECTED,"""roteador_cibiogas""",68:72:51:6e:16:22,2412,1,0,-127
2019-05-10 09:50:46,PASS,PASS,WIFI,UNKNOWN,CONNECTED,1,1,NONE,DISCONNECTED,"""roteador_cibiogas""",68:72:51:6e:16:22,2412,1,0,-127
2019-05-10 09:45:46,PASS,PASS,WIFI,UNKNOWN,CONNECTED,1,1,NONE,DISCONNECTED,"""roteador_cibiogas""",68:72:51:6e:16:22,2412,1,0,-127
2019-05-10 09:40:46,PASS,PASS,WIFI,UNKNOWN,CONNECTED,1,1,NONE,DISCONNECTED,"""roteador_cibiogas""",68:72:51:6e:16:22,2412,1,0,-127
2019-05-10 09:35:46,PASS,PASS,WIFI,UNKNOWN,CONNECTED,1,1,NONE,DISCONNECTED,"""roteador_cibiogas""",68:72:51:6e:16:22,2412,1,0,-127
2019-05-10 09:30:46,PASS,PASS,WIFI,UNKNOWN,CONNECTED,1,1,NONE,DISCONNECTED,"""roteador_cibiogas""",68:72:51:6e:16:22,2412,1,0,-127
2019-05-10 09:25:46,PASS,PASS,WIFI,UNKNOWN,CONNECTED,1,1,NONE,DISCONNECTED,"""roteador_cibiogas""",68:72:51:6e:16:22,2412,1,0,-127
2019-05-10 09:20:46,PASS,PASS,WIFI,UNKNOWN,CONNECTED,1,1,NONE,DISCONNECTED,"""roteador_cibiogas""",68:72:51:6e:16:22,2412,1,0,-127
2019-05-10 09:15:46,PASS,PASS,WIFI,UNKNOWN,CONNECTED,1,1,NONE,DISCONNECTED,"""roteador_cibiogas""",68:72:51:6e:16:22,2412,1,0,-127
2019-05-10 09:10:46,PASS,PASS,WIFI,UNKNOWN,CONNECTED,1,1,NONE,DISCONNECTED,"""roteador_cibiogas""",68:72:51:6e:16:22,2412,1,0,-127
2019-05-10 09:05:46,PASS,PASS,WIFI,UNKNOWN,CONNECTED,1,1,NONE,DISCONNECTED,"""roteador_cibiogas""",68:72:51:6e:16:22,2412,1,0,-127
2019-05-10 09:00:46,PASS,PASS,WIFI,UNKNOWN,CONNECTED,1,1,NONE,DISCONNECTED,"""roteador_cibiogas""",68:72:51:6e:16:22,2412,1,0,-127
2019-05-10 08:55:46,PASS,PASS,WIFI,UNKNOWN,CONNECTED,1,1,NONE,DISCONNECTED,"""roteador_cibiogas""",68:72:51:6e:16:22,2412,1,0,-127
2019-05-10 08:50:46,PASS,PASS,WIFI,UNKNOWN,CONNECTED,1,1,NONE,DISCONNECTED,"""roteador_cibiogas""",68:72:51:6e:16:22,2412,1,0,-127
2019-05-10 08:45:46,PASS,PASS,WIFI,UNKNOWN,CONNECTED,1,1,NONE,DISCONNECTED,"""roteador_cibiogas""",68:72:51:6e:16:22,2412,1,0,-127
2019-05-10 08:40:46,PASS,PASS,WIFI,UNKNOWN,CONNECTED,1,1,NONE,DISCONNECTED,"""roteador_cibiogas""",68:72:51:6e:16:22,2412,1,0,-127
2019-05-10 08:35:46,FAIL,PASS,WIFI,UNKNOWN,CONNECTED,1,1,NONE,DISCONNECTED,"""roteador_cibiogas""",68:72:51:6e:16:22,2412,1,0,-127
2019-05-10 08:30:46,PASS,PASS,WIFI,UNKNOWN,CONNECTED,1,1,NONE,DISCONNECTED,"""roteador_cibiogas""",68:72:51:6e:16:22,2412,1,0,-127
2019-05-10 08:25:46,PASS,PASS,WIFI,UNKNOWN,CONNECTED,1,1,NONE,DISCONNECTED,"""roteador_cibiogas""",68:72:51:6e:16:22,2412,1,0,-127
2019-05-10 08:20:46,PASS,PASS,WIFI,UNKNOWN,CONNECTED,1,1,NONE,DISCONNECTED,"""roteador_cibiogas""",68:72:51:6e:16:22,2412,1,0,-127
2019-05-10 08:15:46,PASS,PASS,WIFI,UNKNOWN,CONNECTED,1,1,NONE,DISCONNECTED,"""roteador_cibiogas""",68:72:51:6e:16:22,2412,1,0,-127
2019-05-10 08:10:46,PASS,PASS,WIFI,UNKNOWN,CONNECTED,1,1,NONE,DISCONNECTED,"""roteador_cibiogas""",68:72:51:6e:16:22,2412,1,0,-127
2019-05-10 08:05:46,PASS,PASS,WIFI,UNKNOWN,CONNECTED,1,1,NONE,DISCONNECTED,"""roteador_cibiogas""",68:72:51:6e:16:22,2412,1,0,-127
2019-05-10 08:00:46,PASS,PASS,WIFI,UNKNOWN,CONNECTED,1,1,NONE,DISCONNECTED,"""roteador_cibiogas""",68:72:51:6e:16:22,2412,1,0,-127
2019-05-10 07:55:46,PASS,PASS,WIFI,UNKNOWN,CONNECTED,1,1,NONE,DISCONNECTED,"""roteador_cibiogas""",68:72:51:6e:16:22,2412,1,0,-127
2019-05-10 07:50:46,PASS,PASS,WIFI,UNKNOWN,CONNECTED,1,1,NONE,DISCONNECTED,"""roteador_cibiogas""",68:72:51:6e:16:22,2412,1,0,-127
2019-05-10 07:45:46,PASS,PASS,WIFI,UNKNOWN,CONNECTED,1,1,NONE,DISCONNECTED,"""roteador_cibiogas""",68:72:51:6e:16:22,2412,1,0,-127
2019-05-10 07:40:46,PASS,PASS,WIFI,UNKNOWN,CONNECTED,1,1,NONE,DISCONNECTED,"""roteador_cibiogas""",68:72:51:6e:16:22,2412,1,0,-127
2019-05-10 07:35:46,PASS,PASS,WIFI,UNKNOWN,CONNECTED,1,1,NONE,DISCONNECTED,"""roteador_cibiogas""",68:72:51:6e:16:22,2472,13,4,-12
2019-05-10 07:30:46,PASS,PASS,WIFI,UNKNOWN,CONNECTED,1,1,NONE,DISCONNECTED,"""roteador_cibiogas""",68:72:51:6e:16:22,2472,13,4,-12
2019-05-10 07:25:46,PASS,PASS,WIFI,UNKNOWN,CONNECTED,1,1,NONE,DISCONNECTED,"""roteador_cibiogas""",68:72:51:6e:16:22,2472,13,4,-12
2019-05-10 07:20:46,PASS,PASS,WIFI,UNKNOWN,CONNECTED,1,1,NONE,DISCONNECTED,"""roteador_cibiogas""",68:72:51:6e:16:22,2472,13,4,-12
2019-05-10 07:15:46,PASS,PASS,WIFI,UNKNOWN,CONNECTED,1,1,NONE,DISCONNECTED,"""roteador_cibiogas""",68:72:51:6e:16:22,2472,13,4,-12
2019-05-10 07:10:46,PASS,PASS,WIFI,UNKNOWN,CONNECTED,1,1,NONE,DISCONNECTED,"""roteador_cibiogas""",68:72:51:6e:16:22,2472,13,4,-11
2019-05-10 07:05:46,PASS,PASS,WIFI,UNKNOWN,CONNECTED,1,1,NONE,DISCONNECTED,"""roteador_cibiogas""",68:72:51:6e:16:22,2472,13,4,-12
2019-05-10 07:00:46,PASS,PASS,WIFI,UNKNOWN,CONNECTED,1,1,NONE,DISCONNECTED,"""roteador_cibiogas""",68:72:51:6e:16:22,2472,13,4,-12
2019-05-10 06:55:46,PASS,PASS,WIFI,UNKNOWN,CONNECTED,1,1,NONE,DISCONNECTED,"""roteador_cibiogas""",68:72:51:6e:16:22,2472,13,4,-12
2019-05-10 06:50:46,PASS,PASS,WIFI,UNKNOWN,CONNECTED,1,1,NONE,DISCONNECTED,"""roteador_cibiogas""",68:72:51:6e:16:22,2472,13,4,-12
2019-05-10 06:45:46,PASS,PASS,WIFI,UNKNOWN,CONNECTED,1,1,NONE,DISCONNECTED,"""roteador_cibiogas""",68:72:51:6e:16:22,2472,13,4,-12
2019-05-10 06:40:46,PASS,PASS,WIFI,UNKNOWN,CONNECTED,1,1,NONE,DISCONNECTED,"""roteador_cibiogas""",68:72:51:6e:16:22,2472,13,4,-12
2019-05-10 06:35:46,PASS,PASS,WIFI,UNKNOWN,CONNECTED,1,1,NONE,DISCONNECTED,"""roteador_cibiogas""",68:72:51:6e:16:22,2472,13,4,-12
2019-05-10 06:30:46,PASS,PASS,WIFI,UNKNOWN,CONNECTED,1,1,NONE,DISCONNECTED,"""roteador_cibiogas""",68:72:51:6e:16:22,2472,13,4,-12
2019-05-10 06:25:46,PASS,PASS,WIFI,UNKNOWN,CONNECTED,1,1,NONE,DISCONNECTED,"""roteador_cibiogas""",68:72:51:6e:16:22,2472,13,4,-12
2019-05-10 06:20:46,PASS,PASS,WIFI,UNKNOWN,CONNECTED,1,1,NONE,DISCONNECTED,"""roteador_cibiogas""",68:72:51:6e:16:22,2472,13,4,-12
2019-05-10 06:15:46,PASS,PASS,WIFI,UNKNOWN,CONNECTED,1,1,NONE,DISCONNECTED,"""roteador_cibiogas""",68:72:51:6e:16:22,2472,13,4,-12
2019-05-10 06:10:46,PASS,PASS,WIFI,UNKNOWN,CONNECTED,1,1,NONE,DISCONNECTED,"""roteador_cibiogas""",68:72:51:6e:16:22,2472,13,4,-12
2019-05-10 06:05:46,PASS,PASS,WIFI,UNKNOWN,CONNECTED,1,1,NONE,DISCONNECTED,"""roteador_cibiogas""",68:72:51:6e:16:22,2472,13,4,-12
2019-05-10 06:00:46,PASS,PASS,WIFI,UNKNOWN,CONNECTED,1,1,NONE,DISCONNECTED,"""roteador_cibiogas""",68:72:51:6e:16:22,2472,13,4,-12
2019-05-10 05:55:46,PASS,PASS,WIFI,UNKNOWN,CONNECTED,1,1,NONE,DISCONNECTED,"""roteador_cibiogas""",68:72:51:6e:16:22,2472,13,4,-12
2019-05-10 05:50:46,PASS,PASS,WIFI,UNKNOWN,CONNECTED,1,1,NONE,DISCONNECTED,"""roteador_cibiogas""",68:72:51:6e:16:22,2472,13,4,-12
2019-05-10 05:45:46,PASS,PASS,WIFI,UNKNOWN,CONNECTED,1,1,NONE,DISCONNECTED,"""roteador_cibiogas""",68:72:51:6e:16:22,2472,13,4,-11
2019-05-10 05:40:46,PASS,PASS,WIFI,UNKNOWN,CONNECTED,1,1,NONE,DISCONNECTED,"""roteador_cibiogas""",68:72:51:6e:16:22,2472,13,4,-12
2019-05-10 05:35:46,PASS,PASS,WIFI,UNKNOWN,CONNECTED,1,1,NONE,DISCONNECTED,"""roteador_cibiogas""",68:72:51:6e:16:22,2472,13,4,-12
2019-05-10 05:30:46,PASS,PASS,WIFI,UNKNOWN,CONNECTED,1,1,NONE,DISCONNECTED,"""roteador_cibiogas""",68:72:51:6e:16:22,2472,13,4,-12
2019-05-10 05:25:46,PASS,PASS,WIFI,UNKNOWN,CONNECTED,1,1,NONE,DISCONNECTED,"""roteador_cibiogas""",68:72:51:6e:16:22,2472,13,4,-12
2019-05-10 05:20:46,PASS,PASS,WIFI,UNKNOWN,CONNECTED,1,1,NONE,DISCONNECTED,"""roteador_cibiogas""",68:72:51:6e:16:22,2472,13,4,-12
2019-05-10 05:15:46,PASS,PASS,WIFI,UNKNOWN,CONNECTED,1,1,NONE,DISCONNECTED,"""roteador_cibiogas""",68:72:51:6e:16:22,2472,13,4,-12
2019-05-10 05:10:46,PASS,PASS,WIFI,UNKNOWN,CONNECTED,1,1,NONE,DISCONNECTED,"""roteador_cibiogas""",68:72:51:6e:16:22,2472,13,4,-12
2019-05-10 05:05:46,PASS,PASS,WIFI,UNKNOWN,CONNECTED,1,1,NONE,DISCONNECTED,"""roteador_cibiogas""",68:72:51:6e:16:22,2472,13,4,-12
2019-05-10 05:00:46,PASS,PASS,WIFI,UNKNOWN,CONNECTED,1,1,NONE,DISCONNECTED,"""roteador_cibiogas""",68:72:51:6e:16:22,2472,13,4,-12
2019-05-10 04:55:46,PASS,PASS,WIFI,UNKNOWN,CONNECTED,1,1,NONE,DISCONNECTED,"""roteador_cibiogas""",68:72:51:6e:16:22,2472,13,4,-12
2019-05-10 04:50:46,PASS,PASS,WIFI,UNKNOWN,CONNECTED,1,1,NONE,DISCONNECTED,"""roteador_cibiogas""",68:72:51:6e:16:22,2472,13,4,-12
2019-05-10 04:45:46,PASS,PASS,WIFI,UNKNOWN,CONNECTED,1,1,NONE,DISCONNECTED,"""roteador_cibiogas""",68:72:51:6e:16:22,2472,13,4,-12
2019-05-10 04:40:46,PASS,PASS,WIFI,UNKNOWN,CONNECTED,1,1,NONE,DISCONNECTED,"""roteador_cibiogas""",68:72:51:6e:16:22,2472,13,4,-12
2019-05-10 04:35:46,PASS,PASS,WIFI,UNKNOWN,CONNECTED,1,1,NONE,DISCONNECTED,"""roteador_cibiogas""",68:72:51:6e:16:22,2472,13,4,-12
2019-05-10 04:30:46,PASS,PASS,WIFI,UNKNOWN,CONNECTED,1,1,NONE,DISCONNECTED,"""roteador_cibiogas""",68:72:51:6e:16:22,2472,13,4,-12
2019-05-10 04:25:46,PASS,PASS,WIFI,UNKNOWN,CONNECTED,1,1,NONE,DISCONNECTED,"""roteador_cibiogas""",68:72:51:6e:16:22,2472,13,4,-12
2019-05-10 04:20:46,PASS,PASS,WIFI,UNKNOWN,CONNECTED,1,1,NONE,DISCONNECTED,"""roteador_cibiogas""",68:72:51:6e:16:22,2472,13,4,-12
2019-05-10 04:15:46,PASS,PASS,WIFI,UNKNOWN,CONNECTED,1,1,NONE,DISCONNECTED,"""roteador_cibiogas""",68:72:51:6e:16:22,2472,13,4,-12
2019-05-10 04:10:46,PASS,PASS,WIFI,UNKNOWN,CONNECTED,1,1,NONE,DISCONNECTED,"""roteador_cibiogas""",68:72:51:6e:16:22,2472,13,4,-12
2019-05-10 04:05:46,PASS,PASS,WIFI,UNKNOWN,CONNECTED,1,1,NONE,DISCONNECTED,"""roteador_cibiogas""",68:72:51:6e:16:22,2472,13,4,-12
2019-05-10 04:00:46,PASS,PASS,WIFI,UNKNOWN,CONNECTED,1,1,NONE,DISCONNECTED,"""roteador_cibiogas""",68:72:51:6e:16:22,2472,13,4,-12
2019-05-10 03:55:46,PASS,PASS,WIFI,UNKNOWN,CONNECTED,1,1,NONE,DISCONNECTED,"""roteador_cibiogas""",68:72:51:6e:16:22,2472,13,4,-12
2019-05-10 03:50:46,PASS,PASS,WIFI,UNKNOWN,CONNECTED,1,1,NONE,DISCONNECTED,"""roteador_cibiogas""",68:72:51:6e:16:22,2472,13,4,-12
2019-05-10 03:45:46,PASS,PASS,WIFI,UNKNOWN,CONNECTED,1,1,NONE,DISCONNECTED,"""roteador_cibiogas""",68:72:51:6e:16:22,2472,13,4,-12
2019-05-10 03:40:46,PASS,PASS,WIFI,UNKNOWN,CONNECTED,1,1,NONE,DISCONNECTED,"""roteador_cibiogas""",68:72:51:6e:16:22,2472,13,4,-12
2019-05-10 03:35:46,PASS,PASS,WIFI,UNKNOWN,CONNECTED,1,1,NONE,DISCONNECTED,"""roteador_cibiogas""",68:72:51:6e:16:22,2472,13,4,-12
2019-05-10 03:30:46,PASS,PASS,WIFI,UNKNOWN,CONNECTED,1,1,NONE,DISCONNECTED,"""roteador_cibiogas""",68:72:51:6e:16:22,2472,13,4,-12
2019-05-10 03:25:46,PASS,PASS,WIFI,UNKNOWN,CONNECTED,1,1,NONE,DISCONNECTED,"""roteador_cibiogas""",68:72:51:6e:16:22,2472,13,4,-12
2019-05-10 03:20:46,PASS,PASS,WIFI,UNKNOWN,CONNECTED,1,1,NONE,DISCONNECTED,"""roteador_cibiogas""",68:72:51:6e:16:22,2472,13,4,-12
2019-05-10 03:15:46,PASS,PASS,WIFI,UNKNOWN,CONNECTED,1,1,NONE,DISCONNECTED,"""roteador_cibiogas""",68:72:51:6e:16:22,2472,13,4,-12
2019-05-10 03:10:46,PASS,PASS,WIFI,UNKNOWN,CONNECTED,1,1,NONE,DISCONNECTED,"""roteador_cibiogas""",68:72:51:6e:16:22,2472,13,4,-12
2019-05-10 03:05:46,PASS,PASS,WIFI,UNKNOWN,CONNECTED,1,1,NONE,DISCONNECTED,"""roteador_cibiogas""",68:72:51:6e:16:22,2472,13,4,-12
2019-05-10 03:00:46,PASS,PASS,WIFI,UNKNOWN,CONNECTED,1,1,NONE,DISCONNECTED,"""roteador_cibiogas""",68:72:51:6e:16:22,2472,13,4,-12
2019-05-10 02:55:46,PASS,PASS,WIFI,UNKNOWN,CONNECTED,1,1,NONE,DISCONNECTED,"""roteador_cibiogas""",68:72:51:6e:16:22,2472,13,4,-12
2019-05-10 02:50:46,PASS,PASS,WIFI,UNKNOWN,CONNECTED,1,1,NONE,DISCONNECTED,"""roteador_cibiogas""",68:72:51:6e:16:22,2472,13,4,-12
2019-05-10 02:45:46,PASS,PASS,WIFI,UNKNOWN,CONNECTED,1,1,NONE,DISCONNECTED,"""roteador_cibiogas""",68:72:51:6e:16:22,2472,13,4,-12
2019-05-10 02:40:46,PASS,PASS,WIFI,UNKNOWN,CONNECTED,1,1,NONE,DISCONNECTED,"""roteador_cibiogas""",68:72:51:6e:16:22,2472,13,4,-12
2019-05-10 02:35:46,PASS,PASS,WIFI,UNKNOWN,CONNECTED,1,1,NONE,DISCONNECTED,"""roteador_cibiogas""",68:72:51:6e:16:22,2472,13,4,-12
2019-05-10 02:30:46,PASS,PASS,WIFI,UNKNOWN,CONNECTED,1,1,NONE,DISCONNECTED,"""roteador_cibiogas""",68:72:51:6e:16:22,2472,13,4,-12
2019-05-10 02:25:46,PASS,PASS,WIFI,UNKNOWN,CONNECTED,1,1,NONE,DISCONNECTED,"""roteador_cibiogas""",68:72:51:6e:16:22,2472,13,4,-12
2019-05-10 02:20:46,PASS,PASS,WIFI,UNKNOWN,CONNECTED,1,1,NONE,DISCONNECTED,"""roteador_cibiogas""",68:72:51:6e:16:22,2472,13,4,-12
2019-05-10 02:15:46,PASS,PASS,WIFI,UNKNOWN,CONNECTED,1,1,NONE,DISCONNECTED,"""roteador_cibiogas""",68:72:51:6e:16:22,2472,13,4,-12
2019-05-10 02:10:46,PASS,PASS,WIFI,UNKNOWN,CONNECTED,1,1,NONE,DISCONNECTED,"""roteador_cibiogas""",68:72:51:6e:16:22,2472,13,4,-12
2019-05-10 02:05:46,PASS,PASS,WIFI,UNKNOWN,CONNECTED,1,1,NONE,DISCONNECTED,"""roteador_cibiogas""",68:72:51:6e:16:22,2472,13,4,-12
2019-05-10 02:00:46,PASS,PASS,WIFI,UNKNOWN,CONNECTED,1,1,NONE,DISCONNECTED,"""roteador_cibiogas""",68:72:51:6e:16:22,2472,13,4,-12
2019-05-10 01:55:46,PASS,PASS,WIFI,UNKNOWN,CONNECTED,1,1,NONE,DISCONNECTED,"""roteador_cibiogas""",68:72:51:6e:16:22,2472,13,4,-12
2019-05-10 01:50:46,PASS,PASS,WIFI,UNKNOWN,CONNECTED,1,1,NONE,DISCONNECTED,"""roteador_cibiogas""",68:72:51:6e:16:22,2472,13,4,-12
2019-05-10 01:45:46,PASS,PASS,WIFI,UNKNOWN,CONNECTED,1,1,NONE,DISCONNECTED,"""roteador_cibiogas""",68:72:51:6e:16:22,2472,13,4,-12
2019-05-10 01:40:46,PASS,PASS,WIFI,UNKNOWN,CONNECTED,1,1,NONE,DISCONNECTED,"""roteador_cibiogas""",68:72:51:6e:16:22,2472,13,4,-12
2019-05-10 01:35:46,PASS,PASS,WIFI,UNKNOWN,CONNECTED,1,1,NONE,DISCONNECTED,"""roteador_cibiogas""",68:72:51:6e:16:22,2472,13,4,-12
2019-05-10 01:30:46,PASS,PASS,WIFI,UNKNOWN,CONNECTED,1,1,NONE,DISCONNECTED,"""roteador_cibiogas""",68:72:51:6e:16:22,2472,13,4,-12
2019-05-10 01:25:46,PASS,PASS,WIFI,UNKNOWN,CONNECTED,1,1,NONE,DISCONNECTED,"""roteador_cibiogas""",68:72:51:6e:16:22,2472,13,4,-12
2019-05-10 01:20:46,PASS,PASS,WIFI,UNKNOWN,CONNECTED,1,1,NONE,DISCONNECTED,"""roteador_cibiogas""",68:72:51:6e:16:22,2472,13,4,-12
2019-05-10 01:15:46,PASS,PASS,WIFI,UNKNOWN,CONNECTED,1,1,NONE,DISCONNECTED,"""roteador_cibiogas""",68:72:51:6e:16:22,2472,13,4,-12
2019-05-10 01:10:46,PASS,PASS,WIFI,UNKNOWN,CONNECTED,1,1,NONE,DISCONNECTED,"""roteador_cibiogas""",68:72:51:6e:16:22,2472,13,4,-12
2019-05-10 01:05:46,PASS,PASS,WIFI,UNKNOWN,CONNECTED,1,1,NONE,DISCONNECTED,"""roteador_cibiogas""",68:72:51:6e:16:22,2472,13,4,-12
2019-05-10 01:00:46,PASS,PASS,WIFI,UNKNOWN,CONNECTED,1,1,NONE,DISCONNECTED,"""roteador_cibiogas""",68:72:51:6e:16:22,2472,13,4,-12
2019-05-10 00:55:46,PASS,PASS,WIFI,UNKNOWN,CONNECTED,1,1,NONE,DISCONNECTED,"""roteador_cibiogas""",68:72:51:6e:16:22,2472,13,4,-11
2019-05-10 00:50:46,PASS,PASS,WIFI,UNKNOWN,CONNECTED,1,1,NONE,DISCONNECTED,"""roteador_cibiogas""",68:72:51:6e:16:22,2472,13,4,-12
2019-05-10 00:45:46,PASS,FAIL,WIFI,UNKNOWN,CONNECTED,1,1,NONE,DISCONNECTED,"""roteador_cibiogas""",68:72:51:6e:16:22,2472,13,4,-12
2019-05-10 00:40:46,PASS,PASS,WIFI,UNKNOWN,CONNECTED,1,1,NONE,DISCONNECTED,"""roteador_cibiogas""",68:72:51:6e:16:22,2472,13,4,-12
2019-05-10 00:35:46,PASS,PASS,WIFI,UNKNOWN,CONNECTED,1,1,NONE,DISCONNECTED,"""roteador_cibiogas""",68:72:51:6e:16:22,2472,13,4,-12
2019-05-10 00:30:46,PASS,PASS,WIFI,UNKNOWN,CONNECTED,1,1,NONE,DISCONNECTED,"""roteador_cibiogas""",68:72:51:6e:16:22,2472,13,4,-12
2019-05-10 00:25:46,PASS,PASS,WIFI,UNKNOWN,CONNECTED,1,1,NONE,DISCONNECTED,"""roteador_cibiogas""",68:72:51:6e:16:22,2472,13,4,-12
2019-05-10 00:20:46,PASS,PASS,WIFI,UNKNOWN,CONNECTED,1,1,NONE,DISCONNECTED,"""roteador_cibiogas""",68:72:51:6e:16:22,2472,13,4,-12
2019-05-10 00:15:46,PASS,PASS,WIFI,UNKNOWN,CONNECTED,1,1,NONE,DISCONNECTED,"""roteador_cibiogas""",68:72:51:6e:16:22,2472,13,4,-12
2019-05-10 00:10:46,PASS,PASS,WIFI,UNKNOWN,CONNECTED,1,1,NONE,DISCONNECTED,"""roteador_cibiogas""",68:72:51:6e:16:22,2472,13,4,-12
2019-05-10 00:05:46,PASS,PASS,WIFI,UNKNOWN,CONNECTED,1,1,NONE,DISCONNECTED,"""roteador_cibiogas""",68:72:51:6e:16:22,2472,13,4,-12
2019-05-10 00:00:46,PASS,PASS,WIFI,UNKNOWN,CONNECTED,1,1,NONE,DISCONNECTED,"""roteador_cibiogas""",68:72:51:6e:16:22,2472,13,4,-12
